{"val_loss": 0.016322358956803448, "train_loss": 0.016216246581759797, "epoch": 1000, "Time_trained": 2206.9694051742554, "batch_size": 16, "train_size": 415, "val_size": 46}
