{"val_loss": 0.034155734814703465, "train_loss": 0.02291154290402406, "epoch": 1000, "Time_trained": 301.6973035335541, "batch_size": 15, "train_size": 271, "val_size": 29}
