{"val_loss": 0.025930895996482475, "train_loss": 0.02187142989272813, "epoch": 200, "Time_trained": 184.18091750144958, "batch_size": 16, "train_size": 415, "val_size": 46}
