{"val_loss": 0.14341314136981964, "train_loss": 0.11851813330462105, "epoch": 1000, "Time_trained": 3302.4508838653564, "batch_size": 15, "train_size": 271, "val_size": 29}
