{"val_loss": 0.08350804634392262, "train_loss": 0.07305451044264961, "epoch": 800, "Time_trained": 139.72286915779114, "batch_size": 8, "train_size": 271, "val_size": 29}
