{"val_loss": 0.08917012996971607, "train_loss": 0.07813568621435586, "epoch": 600, "Time_trained": 105.38002490997314, "batch_size": 8, "train_size": 271, "val_size": 29}
