{"val_loss": 0.10339511930942535, "train_loss": 0.07841388479267296, "epoch": 1000, "Time_trained": 419.65682220458984, "batch_size": 15, "train_size": 271, "val_size": 29}
