{"val_loss": 0.020251627525557644, "train_loss": 0.016408778430826693, "epoch": 800, "Time_trained": 726.3940181732178, "batch_size": 16, "train_size": 415, "val_size": 46}
