{"val_loss": 0.026460925582796335, "train_loss": 0.013522536082960227, "epoch": 700, "Time_trained": 3443.2370731830597, "batch_size": 8, "train_size": 271, "val_size": 29}
