{"val_loss": 0.20640689134597778, "train_loss": 0.21076522767543793, "epoch": 1000, "Time_trained": 406.2856168746948, "batch_size": 12, "train_size": 415, "val_size": 46}
