{"val_loss": 0.07116049528121948, "train_loss": 0.043351013605531896, "epoch": 600, "Time_trained": 2138.473413705826, "batch_size": 15, "train_size": 271, "val_size": 29}
