{"val_loss": 0.04179602116346359, "train_loss": 0.030079796665201063, "epoch": 600, "Time_trained": 181.09590435028076, "batch_size": 15, "train_size": 271, "val_size": 29}
