{"val_loss": 0.058500200510025024, "train_loss": 0.04233610941293208, "epoch": 400, "Time_trained": 121.07127141952515, "batch_size": 15, "train_size": 271, "val_size": 29}
