{"val_loss": 0.14994657039642334, "train_loss": 0.12373530256905053, "epoch": 800, "Time_trained": 2648.2579073905945, "batch_size": 15, "train_size": 271, "val_size": 29}
