{"val_loss": 0.014478418976068497, "train_loss": 0.0077418191358447075, "epoch": 1000, "Time_trained": 551.4665999412537, "batch_size": 16, "train_size": 208, "val_size": 22}
