{"val_loss": 0.07093749195337296, "train_loss": 0.08550684585383064, "epoch": 400, "Time_trained": 230.92439341545105, "batch_size": 15, "train_size": 271, "val_size": 29}
