{"val_loss": 0.4542689025402069, "train_loss": 1.014592181695135, "epoch": 687, "Time_trained": 1309.640525341034, "batch_size": 15, "train_size": 271, "val_size": 29}
