{"val_loss": 0.12184516340494156, "train_loss": 0.1289826772714916, "epoch": 600, "Time_trained": 69.55431246757507, "batch_size": 15, "train_size": 271, "val_size": 29}
