{"val_loss": 0.05244266598120979, "train_loss": 0.054639741078198675, "epoch": 400, "Time_trained": 88.58235549926758, "batch_size": 16, "train_size": 415, "val_size": 46}
