{"val_loss": 0.049811623990535736, "train_loss": 0.03606330779822249, "epoch": 1000, "Time_trained": 763.7119190692902, "batch_size": 15, "train_size": 271, "val_size": 29}
