{"val_loss": 0.16209275275468826, "train_loss": 0.16631570693693662, "epoch": 400, "Time_trained": 45.75329828262329, "batch_size": 15, "train_size": 271, "val_size": 29}
