{"val_loss": 0.02595249703153968, "train_loss": 0.013536648523500738, "epoch": 845, "Time_trained": 2173.6111509799957, "batch_size": 8, "train_size": 271, "val_size": 29}
