{"val_loss": 0.11083740368485451, "train_loss": 0.11875946447253227, "epoch": 800, "Time_trained": 93.34132266044617, "batch_size": 15, "train_size": 271, "val_size": 29}
