{"val_loss": 0.05898238252848387, "train_loss": 0.058979395776987076, "epoch": 301, "Time_trained": 791.0241942405701, "batch_size": 8, "train_size": 271, "val_size": 29}
