{"val_loss": 0.23278555646538734, "train_loss": 0.2220752090215683, "epoch": 100, "Time_trained": 17.58860468864441, "batch_size": 8, "train_size": 271, "val_size": 29}
