{"val_loss": 0.004282234924966874, "train_loss": 0.0035920139491917137, "epoch": 1000, "Time_trained": 394.7218265533447, "batch_size": 16, "train_size": 415, "val_size": 46}
