{"val_loss": 0.02827304342518682, "train_loss": 0.0288264027920114, "epoch": 1000, "Time_trained": 164.94336223602295, "batch_size": 16, "train_size": 415, "val_size": 46}
