{"val_loss": 0.008419152349233627, "train_loss": 0.007341920863837004, "epoch": 1000, "Time_trained": 1234.5483322143555, "batch_size": 16, "train_size": 346, "val_size": 38}
