{"val_loss": 0.030119115952402353, "train_loss": 0.01705046869156992, "epoch": 703, "Time_trained": 636.7784316539764, "batch_size": 8, "train_size": 271, "val_size": 29}
