{"val_loss": 0.03594328463077545, "train_loss": 0.02741836559246568, "epoch": 401, "Time_trained": 1039.4782304763794, "batch_size": 8, "train_size": 271, "val_size": 29}
