{"val_loss": 0.07510043680667877, "train_loss": 0.05037145336207591, "epoch": 600, "Time_trained": 362.09836602211, "batch_size": 15, "train_size": 271, "val_size": 29}
