{"val_loss": 0.00981202907860279, "train_loss": 0.007792539428919554, "epoch": 1000, "Time_trained": 1350.896809577942, "batch_size": 12, "train_size": 415, "val_size": 46}
