{"val_loss": 0.06962064281105995, "train_loss": 0.05917231048292974, "epoch": 200, "Time_trained": 522.8302931785583, "batch_size": 8, "train_size": 271, "val_size": 29}
