{"val_loss": 0.19772080332040787, "train_loss": 0.18240270332286232, "epoch": 400, "Time_trained": 1324.489418745041, "batch_size": 15, "train_size": 271, "val_size": 29}
