{"val_loss": 0.0019412450593612764, "train_loss": 0.0017280808846320374, "epoch": 1000, "Time_trained": 4789.481269598007, "batch_size": 16, "train_size": 415, "val_size": 46}
