{"val_loss": 0.13839510828256607, "train_loss": 0.130838621995951, "epoch": 400, "Time_trained": 168.1554729938507, "batch_size": 15, "train_size": 271, "val_size": 29}
