{"val_loss": 0.010138249623293747, "train_loss": 0.010318540515705564, "epoch": 10, "Time_trained": 900.216717004776, "batch_size": 16, "train_size": 58983, "val_size": 6553}
