{"val_loss": 0.027012189850211143, "train_loss": 0.021136162508475154, "epoch": 800, "Time_trained": 462.65413451194763, "batch_size": 15, "train_size": 271, "val_size": 29}
