{"val_loss": 0.023657565470784903, "train_loss": 0.01167883608928498, "epoch": 945, "Time_trained": 2445.5612943172455, "batch_size": 8, "train_size": 271, "val_size": 29}
