{"val_loss": 0.020676029846072197, "train_loss": 0.014313003048300743, "epoch": 1000, "Time_trained": 1182.5009078979492, "batch_size": 12, "train_size": 415, "val_size": 46}
