{"val_loss": 0.046163901686668396, "train_loss": 0.04004393145442009, "epoch": 1000, "Time_trained": 519.421275138855, "batch_size": 16, "train_size": 415, "val_size": 46}
