{"val_loss": 0.03559819981455803, "train_loss": 0.02345572379143799, "epoch": 629, "Time_trained": 1598.8624658584595, "batch_size": 8, "train_size": 271, "val_size": 29}
