{"val_loss": 0.04861736864499424, "train_loss": 0.04983213717140347, "epoch": 800, "Time_trained": 176.21785473823547, "batch_size": 16, "train_size": 415, "val_size": 46}
