{"val_loss": 0.021119183739242348, "train_loss": 0.017116270972842195, "epoch": 600, "Time_trained": 543.533949136734, "batch_size": 16, "train_size": 415, "val_size": 46}
