{"val_loss": 0.10549221001565456, "train_loss": 0.0814916104735697, "epoch": 200, "Time_trained": 949.8763446807861, "batch_size": 8, "train_size": 271, "val_size": 29}
