{"val_loss": 0.0132072689011693, "train_loss": 0.006385324988514185, "epoch": 1000, "Time_trained": 929.3478088378906, "batch_size": 16, "train_size": 277, "val_size": 30}
