{"val_loss": 0.06693232618272305, "train_loss": 0.044037295701472384, "epoch": 800, "Time_trained": 1360.3237586021423, "batch_size": 15, "train_size": 271, "val_size": 29}
