{"val_loss": 0.04940950060668199, "train_loss": 0.05117203990917608, "epoch": 600, "Time_trained": 133.8800778388977, "batch_size": 16, "train_size": 415, "val_size": 46}
