{"val_loss": 0.05265120603144169, "train_loss": 0.02997872726443936, "epoch": 402, "Time_trained": 364.6529850959778, "batch_size": 8, "train_size": 271, "val_size": 29}
