{"val_loss": 0.025880555156618357, "train_loss": 0.009119568118715988, "epoch": 800, "Time_trained": 3902.911549091339, "batch_size": 8, "train_size": 271, "val_size": 29}
