{"val_loss": 0.41545683858187304, "train_loss": 0.0594812334122428, "epoch": 1000, "Time_trained": 2477.8602664470673, "batch_size": 16, "train_size": 415, "val_size": 46}
