{"val_loss": 0.011148814111948013, "train_loss": 0.01047219056636095, "epoch": 1000, "Time_trained": 446.8247158527374, "batch_size": 12, "train_size": 415, "val_size": 46}
