{"val_loss": 0.23049823939800262, "train_loss": 0.22112560272216797, "epoch": 200, "Time_trained": 23.621720552444458, "batch_size": 15, "train_size": 271, "val_size": 29}
