{"val_loss": 0.08243072964251041, "train_loss": 0.07176177116001353, "epoch": 900, "Time_trained": 156.81061601638794, "batch_size": 8, "train_size": 271, "val_size": 29}
