{"val_loss": 0.08248753659427166, "train_loss": 0.07147214923273115, "epoch": 1000, "Time_trained": 173.75174570083618, "batch_size": 8, "train_size": 271, "val_size": 29}
