{"val_loss": 0.641443520784378, "train_loss": 0.7068489255274043, "epoch": 100, "Time_trained": 472.26985216140747, "batch_size": 8, "train_size": 271, "val_size": 29}
