{"val_loss": 0.12296735867857933, "train_loss": 0.09407826591479151, "epoch": 200, "Time_trained": 328.98671317100525, "batch_size": 15, "train_size": 271, "val_size": 29}
