{"val_loss": 0.05558821465820074, "train_loss": 0.03657221728388001, "epoch": 302, "Time_trained": 272.98129081726074, "batch_size": 8, "train_size": 271, "val_size": 29}
