{"val_loss": 0.29967521131038666, "train_loss": 0.2954211329158984, "epoch": 200, "Time_trained": 665.4996597766876, "batch_size": 15, "train_size": 271, "val_size": 29}
