{"val_loss": 0.1097983866930008, "train_loss": 0.08429623816750552, "epoch": 800, "Time_trained": 335.266535282135, "batch_size": 15, "train_size": 271, "val_size": 29}
