{"val_loss": 0.0114612877368927, "train_loss": 0.007573035079985857, "epoch": 1000, "Time_trained": 785.6626024246216, "batch_size": 16, "train_size": 208, "val_size": 22}
