{"val_loss": 0.1059487871825695, "train_loss": 0.09258947411880773, "epoch": 400, "Time_trained": 70.11902928352356, "batch_size": 8, "train_size": 271, "val_size": 29}
