{"val_loss": 0.05245682317763567, "train_loss": 0.029567557441837648, "epoch": 503, "Time_trained": 455.84327149391174, "batch_size": 8, "train_size": 271, "val_size": 29}
