{"val_loss": 0.02626507170498371, "train_loss": 0.015204870607703924, "epoch": 903, "Time_trained": 819.3841054439545, "batch_size": 8, "train_size": 271, "val_size": 29}
