{"val_loss": 0.21451672911643982, "train_loss": 0.20773490988894514, "epoch": 200, "Time_trained": 84.81522059440613, "batch_size": 15, "train_size": 271, "val_size": 29}
