{"val_loss": 0.019867108243962994, "train_loss": 0.01615916993693415, "epoch": 1000, "Time_trained": 908.212304353714, "batch_size": 16, "train_size": 415, "val_size": 46}
