{"val_loss": 0.23289887607097626, "train_loss": 0.22941105185370697, "epoch": 200, "Time_trained": 23.032204389572144, "batch_size": 15, "train_size": 271, "val_size": 29}
