{"val_loss": 0.005111311133522485, "train_loss": 0.005286372936474147, "epoch": 64, "Time_trained": 17390.93024969101, "batch_size": 16, "train_size": 117965, "val_size": 13107}
