{"val_loss": 0.130766399204731, "train_loss": 0.09703356302098225, "epoch": 200, "Time_trained": 115.82149481773376, "batch_size": 15, "train_size": 271, "val_size": 29}
