{"val_loss": 0.2937654541886371, "train_loss": 0.2971507876034243, "epoch": 200, "Time_trained": 344.18319034576416, "batch_size": 16, "train_size": 415, "val_size": 46}
