{"val_loss": 0.0334637681953609, "train_loss": 0.03332681827904547, "epoch": 745, "Time_trained": 1894.924682855606, "batch_size": 8, "train_size": 271, "val_size": 29}
