{"val_loss": 0.2318914234638214, "train_loss": 0.10474950428071775, "epoch": 200, "Time_trained": 713.0534987449646, "batch_size": 15, "train_size": 271, "val_size": 29}
