{"val_loss": 0.49336524307727814, "train_loss": 0.4638985779724623, "epoch": 200, "Time_trained": 391.5999553203583, "batch_size": 15, "train_size": 271, "val_size": 29}
