{"val_loss": 0.03509340062737465, "train_loss": 0.027299243564668455, "epoch": 600, "Time_trained": 346.78723788261414, "batch_size": 15, "train_size": 271, "val_size": 29}
