{"val_loss": 0.009653163142502308, "train_loss": 0.006324203219264746, "epoch": 1000, "Time_trained": 1129.1342730522156, "batch_size": 16, "train_size": 346, "val_size": 38}
