{"val_loss": 0.05393835140959076, "train_loss": 0.05144594323383756, "epoch": 1000, "Time_trained": 1286.9811825752258, "batch_size": 16, "train_size": 415, "val_size": 46}
