{"val_loss": 0.05235465615987778, "train_loss": 0.0392026334608856, "epoch": 800, "Time_trained": 609.6885118484497, "batch_size": 15, "train_size": 271, "val_size": 29}
