{"val_loss": 0.1804693266749382, "train_loss": 0.16270784994489268, "epoch": 400, "Time_trained": 46.58910250663757, "batch_size": 15, "train_size": 271, "val_size": 29}
