{"val_loss": 0.2264464572072029, "train_loss": 0.2068503220614634, "epoch": 400, "Time_trained": 394.95054936408997, "batch_size": 15, "train_size": 271, "val_size": 29}
