{"val_loss": 0.016000468283891678, "train_loss": 0.007202055770903826, "epoch": 1000, "Time_trained": 1004.8030910491943, "batch_size": 16, "train_size": 277, "val_size": 30}
