{"val_loss": 0.1280074566602707, "train_loss": 0.18405991792678833, "epoch": 1000, "Time_trained": 814.8112823963165, "batch_size": 16, "train_size": 415, "val_size": 46}
