{"val_loss": 0.008378530852496624, "train_loss": 0.006358788348734379, "epoch": 1000, "Time_trained": 1185.9403445720673, "batch_size": 16, "train_size": 415, "val_size": 46}
