{"val_loss": 0.19176020473241806, "train_loss": 0.1842552427398531, "epoch": 200, "Time_trained": 152.06656742095947, "batch_size": 15, "train_size": 271, "val_size": 29}
