{"val_loss": 0.16404776275157928, "train_loss": 0.139700748026371, "epoch": 1000, "Time_trained": 115.17897129058838, "batch_size": 15, "train_size": 271, "val_size": 29}
