{"val_loss": 0.1466755047440529, "train_loss": 0.11857454714022185, "epoch": 200, "Time_trained": 121.67851400375366, "batch_size": 15, "train_size": 271, "val_size": 29}
