{"val_loss": 0.007989502511918545, "train_loss": 0.0065313526429235935, "epoch": 1000, "Time_trained": 1653.9458320140839, "batch_size": 12, "train_size": 415, "val_size": 46}
