{"val_loss": 0.07601878046989441, "train_loss": 0.056659669122275186, "epoch": 100, "Time_trained": 90.64676523208618, "batch_size": 8, "train_size": 271, "val_size": 29}
