{"val_loss": 0.023770376108586788, "train_loss": 0.011592663221937768, "epoch": 1000, "Time_trained": 2588.538638114929, "batch_size": 8, "train_size": 271, "val_size": 29}
