{"val_loss": 0.009058593772351742, "train_loss": 0.00648650573566556, "epoch": 1000, "Time_trained": 903.649322271347, "batch_size": 16, "train_size": 346, "val_size": 38}
