{"val_loss": 0.2937651250673377, "train_loss": 0.29710195567234454, "epoch": 400, "Time_trained": 690.6900997161865, "batch_size": 16, "train_size": 415, "val_size": 46}
