{"val_loss": 0.3054128438234329, "train_loss": 0.26108114068445404, "epoch": 200, "Time_trained": 197.02404761314392, "batch_size": 15, "train_size": 271, "val_size": 29}
