{"val_loss": 0.028355734888464212, "train_loss": 0.015849301372380817, "epoch": 803, "Time_trained": 727.8515088558197, "batch_size": 8, "train_size": 271, "val_size": 29}
