{"val_loss": 0.025080374907702208, "train_loss": 0.00712146023836206, "epoch": 900, "Time_trained": 4399.5135407447815, "batch_size": 8, "train_size": 271, "val_size": 29}
