{"val_loss": 0.035032653249800205, "train_loss": 0.03143869696513695, "epoch": 400, "Time_trained": 1974.5550711154938, "batch_size": 8, "train_size": 271, "val_size": 29}
