{"val_loss": 0.03143870225176215, "train_loss": 0.028933136121315116, "epoch": 500, "Time_trained": 2450.237535715103, "batch_size": 8, "train_size": 271, "val_size": 29}
