{"val_loss": 0.11852282285690308, "train_loss": 0.07018462431273963, "epoch": 400, "Time_trained": 670.4045095443726, "batch_size": 15, "train_size": 271, "val_size": 29}
