{"val_loss": 0.010892750695347786, "train_loss": 0.006970567163079977, "epoch": 1000, "Time_trained": 702.7442018985748, "batch_size": 16, "train_size": 208, "val_size": 22}
