{"val_loss": 0.017412643474729164, "train_loss": 0.018468268431094757, "epoch": 1000, "Time_trained": 168.19126868247986, "batch_size": 16, "train_size": 415, "val_size": 46}
