{"val_loss": 0.06395271513611078, "train_loss": 0.06508610550971593, "epoch": 202, "Time_trained": 183.06079959869385, "batch_size": 8, "train_size": 271, "val_size": 29}
