{"val_loss": 0.009813453070819378, "train_loss": 0.006819076836109161, "epoch": 1000, "Time_trained": 1449.4679362773895, "batch_size": 16, "train_size": 415, "val_size": 46}
