{"val_loss": 0.007963009178638458, "train_loss": 0.0066388328559696674, "epoch": 1000, "Time_trained": 990.6090886592865, "batch_size": 16, "train_size": 346, "val_size": 38}
