{"val_loss": 0.035618552938103676, "train_loss": 0.025552495629252756, "epoch": 515, "Time_trained": 1304.230621099472, "batch_size": 8, "train_size": 271, "val_size": 29}
