{"val_loss": 0.2937769721383634, "train_loss": 0.2970496962587517, "epoch": 1000, "Time_trained": 1731.2300624847412, "batch_size": 16, "train_size": 415, "val_size": 46}
