{"val_loss": 0.28641453903654346, "train_loss": 0.27545644210045594, "epoch": 1000, "Time_trained": 4347.434545993805, "batch_size": 16, "train_size": 415, "val_size": 46}
