{"val_loss": 0.1649051383137703, "train_loss": 0.1411070757006344, "epoch": 800, "Time_trained": 92.1157500743866, "batch_size": 15, "train_size": 271, "val_size": 29}
