{"val_loss": 0.5572663396596909, "train_loss": 0.2705028433548777, "epoch": 1000, "Time_trained": 1896.8363602161407, "batch_size": 15, "train_size": 271, "val_size": 29}
