{"val_loss": 0.048504367956648704, "train_loss": 0.049594706126365316, "epoch": 1000, "Time_trained": 219.8820834159851, "batch_size": 16, "train_size": 415, "val_size": 46}
