{"val_loss": 0.15373853594064713, "train_loss": 0.13599726075635238, "epoch": 200, "Time_trained": 35.32979989051819, "batch_size": 8, "train_size": 271, "val_size": 29}
