{"val_loss": 0.12503930553793907, "train_loss": 0.10835206333328695, "epoch": 300, "Time_trained": 53.061630964279175, "batch_size": 8, "train_size": 271, "val_size": 29}
