{"val_loss": 0.08390360698103905, "train_loss": 0.061569067208390484, "epoch": 400, "Time_trained": 241.7735879421234, "batch_size": 15, "train_size": 271, "val_size": 29}
