{"val_loss": 0.02532909531146288, "train_loss": 0.006506920983905301, "epoch": 1000, "Time_trained": 4871.221680402756, "batch_size": 8, "train_size": 271, "val_size": 29}
