{"val_loss": 0.3050340712070465, "train_loss": 0.26154176263432755, "epoch": 1000, "Time_trained": 986.7898519039154, "batch_size": 15, "train_size": 271, "val_size": 29}
