{"val_loss": 0.012784192014647566, "train_loss": 0.011789028979389065, "epoch": 1000, "Time_trained": 531.0483589172363, "batch_size": 16, "train_size": 415, "val_size": 46}
