{"val_loss": 0.0024763022185019827, "train_loss": 0.002563911229259817, "epoch": 1000, "Time_trained": 785.2487006187439, "batch_size": 16, "train_size": 415, "val_size": 46}
