{"val_loss": 0.07799237035214901, "train_loss": 0.05187794007360935, "epoch": 600, "Time_trained": 1013.8568637371063, "batch_size": 15, "train_size": 271, "val_size": 29}
