{"val_loss": 0.16938448697328568, "train_loss": 0.14791609817429593, "epoch": 600, "Time_trained": 69.47476696968079, "batch_size": 15, "train_size": 271, "val_size": 29}
