{"val_loss": 0.018903041258454323, "train_loss": 0.015344121052246345, "epoch": 1000, "Time_trained": 3573.8221061229706, "batch_size": 15, "train_size": 271, "val_size": 29}
