{"val_loss": 0.020110849776993626, "train_loss": 0.019596429878329658, "epoch": 1000, "Time_trained": 777.7000026702881, "batch_size": 16, "train_size": 415, "val_size": 46}
