{"val_loss": 0.06844887882471085, "train_loss": 0.044287159058608506, "epoch": 800, "Time_trained": 481.0629222393036, "batch_size": 15, "train_size": 271, "val_size": 29}
