{"val_loss": 0.08336129039525986, "train_loss": 0.06882437377383835, "epoch": 400, "Time_trained": 303.53416681289673, "batch_size": 15, "train_size": 271, "val_size": 29}
