{"val_loss": 0.008468315936625004, "train_loss": 0.006562615279108286, "epoch": 1000, "Time_trained": 1335.014107465744, "batch_size": 16, "train_size": 415, "val_size": 46}
