{"val_loss": 0.10926522314548492, "train_loss": 0.11696730691351388, "epoch": 1000, "Time_trained": 117.03705406188965, "batch_size": 15, "train_size": 271, "val_size": 29}
