{"val_loss": 0.024066001176834106, "train_loss": 0.019185251017150125, "epoch": 1000, "Time_trained": 576.8849070072174, "batch_size": 15, "train_size": 271, "val_size": 29}
