{"val_loss": 0.030263165943324566, "train_loss": 0.023309407591381493, "epoch": 600, "Time_trained": 2953.712946653366, "batch_size": 8, "train_size": 271, "val_size": 29}
