{"val_loss": 0.1656394675374031, "train_loss": 0.14101221784949303, "epoch": 600, "Time_trained": 1982.675966501236, "batch_size": 15, "train_size": 271, "val_size": 29}
