{"val_loss": 0.015550634823739529, "train_loss": 0.006704000756144524, "epoch": 1000, "Time_trained": 633.9185721874237, "batch_size": 16, "train_size": 208, "val_size": 22}
