{"val_loss": 0.019785839173456898, "train_loss": 0.020464781761528498, "epoch": 1000, "Time_trained": 1023.8467445373535, "batch_size": 16, "train_size": 415, "val_size": 46}
