{"val_loss": 0.022321116341196972, "train_loss": 0.01860600520508835, "epoch": 400, "Time_trained": 362.78146862983704, "batch_size": 16, "train_size": 415, "val_size": 46}
