{"val_loss": 0.07881705462932587, "train_loss": 0.054881303914283454, "epoch": 200, "Time_trained": 61.48353576660156, "batch_size": 15, "train_size": 271, "val_size": 29}
