{"val_loss": 0.11822890490293503, "train_loss": 0.06605914568430499, "epoch": 400, "Time_trained": 1423.2470259666443, "batch_size": 15, "train_size": 271, "val_size": 29}
