{"val_loss": 0.08567900955677032, "train_loss": 0.07500684984466609, "epoch": 700, "Time_trained": 122.90599346160889, "batch_size": 8, "train_size": 271, "val_size": 29}
