{"val_loss": 0.00873121153563261, "train_loss": 0.006273786537349224, "epoch": 1000, "Time_trained": 1048.063784122467, "batch_size": 16, "train_size": 415, "val_size": 46}
