{"val_loss": 0.060785673558712006, "train_loss": 0.0461836786646592, "epoch": 600, "Time_trained": 455.3726646900177, "batch_size": 15, "train_size": 271, "val_size": 29}
