{"val_loss": 0.09413925744593143, "train_loss": 0.08372825548491057, "epoch": 500, "Time_trained": 88.04060530662537, "batch_size": 8, "train_size": 271, "val_size": 29}
