{"val_loss": 0.06141952975936558, "train_loss": 0.06444951118115919, "epoch": 200, "Time_trained": 46.51301383972168, "batch_size": 16, "train_size": 415, "val_size": 46}
