{"val_loss": 0.016463875770568848, "train_loss": 0.012888719327747822, "epoch": 1000, "Time_trained": 1755.9104399681091, "batch_size": 12, "train_size": 415, "val_size": 46}
