{"val_loss": 0.025136533193290234, "train_loss": 0.014518455328310238, "epoch": 1000, "Time_trained": 906.777646780014, "batch_size": 8, "train_size": 271, "val_size": 29}
