{"val_loss": 0.13639428466558456, "train_loss": 0.11212946062809542, "epoch": 600, "Time_trained": 251.4068546295166, "batch_size": 15, "train_size": 271, "val_size": 29}
