{"val_loss": 0.22668344900012016, "train_loss": 0.13617710374733982, "epoch": 100, "Time_trained": 257.0378336906433, "batch_size": 8, "train_size": 271, "val_size": 29}
