{"val_loss": 0.008978031575679779, "train_loss": 0.006597126834094524, "epoch": 1000, "Time_trained": 739.5241215229034, "batch_size": 16, "train_size": 277, "val_size": 30}
