{"val_loss": 0.035485653672367334, "train_loss": 0.020348625065868393, "epoch": 603, "Time_trained": 544.0047969818115, "batch_size": 8, "train_size": 271, "val_size": 29}
