{"val_loss": 0.05290089454501867, "train_loss": 0.04572996064363157, "epoch": 300, "Time_trained": 1458.8598549365997, "batch_size": 8, "train_size": 271, "val_size": 29}
