{"val_loss": 0.0662326030433178, "train_loss": 0.04131654669579707, "epoch": 1000, "Time_trained": 594.1779391765594, "batch_size": 15, "train_size": 271, "val_size": 29}
