{"val_loss": 0.009220972657203674, "train_loss": 0.006511526182293892, "epoch": 1000, "Time_trained": 833.6288516521454, "batch_size": 16, "train_size": 277, "val_size": 30}
