{"val_loss": 0.06364363059401512, "train_loss": 0.04090702925857745, "epoch": 1000, "Time_trained": 1703.9198246002197, "batch_size": 15, "train_size": 271, "val_size": 29}
