{"val_loss": 0.026342314667999744, "train_loss": 0.024592591351584384, "epoch": 800, "Time_trained": 2859.4922747612, "batch_size": 15, "train_size": 271, "val_size": 29}
