{"val_loss": 0.041753217577934265, "train_loss": 0.027043951993906183, "epoch": 800, "Time_trained": 241.39464497566223, "batch_size": 15, "train_size": 271, "val_size": 29}
