{"val_loss": 0.012451274320483208, "train_loss": 0.013039018027484417, "epoch": 1000, "Time_trained": 439.17647314071655, "batch_size": 12, "train_size": 415, "val_size": 46}
